financial_year,financial_quarter,age_band,identified_patients,total_items,nic_gbp,age_group,note
2015/2016,2015/2016 Q1,0 to 4,12,31,2019.2,children_adolescents,
2015/2016,2015/2016 Q1,10 to 14,27206,87646,3430522.22,children_adolescents,
2015/2016,2015/2016 Q1,15 to 19,19164,60605,2836329.55,children_adolescents,straddles_boundary
2015/2016,2015/2016 Q1,20 to 24,6569,21002,1032769.92,adults,
2015/2016,2015/2016 Q1,25 to 29,3339,10069,485985.09,adults,
2015/2016,2015/2016 Q1,30 to 34,2141,6628,313483.29,adults,
2015/2016,2015/2016 Q1,35 to 39,1930,6083,314443.13,adults,
2015/2016,2015/2016 Q1,40 to 44,2132,7273,346936.1,adults,
2015/2016,2015/2016 Q1,45 to 49,1878,6353,294902.16,adults,
2015/2016,2015/2016 Q1,5 to 9,9835,28960,877321.0,children_adolescents,
2015/2016,2015/2016 Q1,50 to 54,1491,4478,202285.2,adults,
2015/2016,2015/2016 Q1,55 to 59,1114,3464,156977.73,adults,
2015/2016,2015/2016 Q1,60 to 64,894,2543,120542.38,adults,
2015/2016,2015/2016 Q1,65 to 69,763,2215,98145.42,adults,
2015/2016,2015/2016 Q1,70 to 74,521,1446,61650.27,adults,
2015/2016,2015/2016 Q1,75 to 79,381,1113,60117.45,adults,
2015/2016,2015/2016 Q1,80 to 84,241,837,30732.91,adults,
2015/2016,2015/2016 Q1,85 to 89,128,350,17044.06,adults,
2015/2016,2015/2016 Q1,90+,44,147,4520.41,adults,
2015/2016,2015/2016 Q2,0 to 4,29,66,3921.51,children_adolescents,
2015/2016,2015/2016 Q2,10 to 14,27380,87370,3475173.14,children_adolescents,
2015/2016,2015/2016 Q2,15 to 19,17450,55310,2637467.5,children_adolescents,straddles_boundary
2015/2016,2015/2016 Q2,20 to 24,6394,20386,1006811.9,adults,
2015/2016,2015/2016 Q2,25 to 29,3463,10653,511319.77,adults,
2015/2016,2015/2016 Q2,30 to 34,2222,6819,334654.69,adults,
2015/2016,2015/2016 Q2,35 to 39,2034,6328,329114.99,adults,
2015/2016,2015/2016 Q2,40 to 44,2125,7570,357414.39,adults,
2015/2016,2015/2016 Q2,45 to 49,1911,6486,305977.39,adults,
2015/2016,2015/2016 Q2,5 to 9,11112,32581,1010935.21,children_adolescents,
2015/2016,2015/2016 Q2,50 to 54,1504,4633,212109.36,adults,
2015/2016,2015/2016 Q2,55 to 59,1124,3590,162150.5,adults,
2015/2016,2015/2016 Q2,60 to 64,918,2581,125436.39,adults,
2015/2016,2015/2016 Q2,65 to 69,775,2312,105583.59,adults,
2015/2016,2015/2016 Q2,70 to 74,504,1504,67523.08,adults,
2015/2016,2015/2016 Q2,75 to 79,373,1154,60489.06,adults,
2015/2016,2015/2016 Q2,80 to 84,238,831,29553.45,adults,
2015/2016,2015/2016 Q2,85 to 89,121,334,16969.27,adults,
2015/2016,2015/2016 Q2,90+,46,157,4448.07,adults,
2015/2016,2015/2016 Q3,0 to 4,37,111,6743.18,children_adolescents,
2015/2016,2015/2016 Q3,10 to 14,28840,95516,3850814.93,children_adolescents,
2015/2016,2015/2016 Q3,15 to 19,17582,56678,2692837.51,children_adolescents,straddles_boundary
2015/2016,2015/2016 Q3,20 to 24,6566,21367,1045355.78,adults,
2015/2016,2015/2016 Q3,25 to 29,3589,11358,550015.1,adults,
2015/2016,2015/2016 Q3,30 to 34,2328,7345,365732.49,adults,
2015/2016,2015/2016 Q3,35 to 39,2087,6682,343849.71,adults,
2015/2016,2015/2016 Q3,40 to 44,2201,7839,364906.52,adults,
2015/2016,2015/2016 Q3,45 to 49,1975,6922,316429.34,adults,
2015/2016,2015/2016 Q3,5 to 9,12739,39023,1212648.64,children_adolescents,
2015/2016,2015/2016 Q3,50 to 54,1544,4938,209440.61,adults,
2015/2016,2015/2016 Q3,55 to 59,1143,3670,152337.21,adults,
2015/2016,2015/2016 Q3,60 to 64,926,2760,120324.51,adults,
2015/2016,2015/2016 Q3,65 to 69,784,2433,98905.24,adults,
2015/2016,2015/2016 Q3,70 to 74,520,1563,68490.07,adults,
2015/2016,2015/2016 Q3,75 to 79,379,1241,57269.05,adults,
2015/2016,2015/2016 Q3,80 to 84,223,817,29084.99,adults,
2015/2016,2015/2016 Q3,85 to 89,117,363,17459.52,adults,
2015/2016,2015/2016 Q3,90+,38,146,3712.99,adults,
2015/2016,2015/2016 Q4,0 to 4,90,208,12215.47,children_adolescents,
2015/2016,2015/2016 Q4,10 to 14,29421,94296,3844942.38,children_adolescents,
2015/2016,2015/2016 Q4,15 to 19,17064,53930,2571366.45,children_adolescents,straddles_boundary
2015/2016,2015/2016 Q4,20 to 24,6589,21015,1029316.94,adults,
2015/2016,2015/2016 Q4,25 to 29,3722,11355,549115.98,adults,
2015/2016,2015/2016 Q4,30 to 34,2380,7257,357739.06,adults,
2015/2016,2015/2016 Q4,35 to 39,2187,6694,338786.4,adults,
2015/2016,2015/2016 Q4,40 to 44,2269,7747,359568.78,adults,
2015/2016,2015/2016 Q4,45 to 49,2007,6858,301039.77,adults,
2015/2016,2015/2016 Q4,5 to 9,14245,42982,1338057.94,children_adolescents,
2015/2016,2015/2016 Q4,50 to 54,1542,4628,202670.65,adults,
2015/2016,2015/2016 Q4,55 to 59,1134,3578,142105.08,adults,
2015/2016,2015/2016 Q4,60 to 64,929,2690,113089.73,adults,
2015/2016,2015/2016 Q4,65 to 69,761,2247,90930.34,adults,
2015/2016,2015/2016 Q4,70 to 74,509,1483,58094.3,adults,
2015/2016,2015/2016 Q4,75 to 79,366,1168,57064.33,adults,
2015/2016,2015/2016 Q4,80 to 84,211,817,25893.33,adults,
2015/2016,2015/2016 Q4,85 to 89,105,324,13752.31,adults,
2015/2016,2015/2016 Q4,90+,38,127,3381.35,adults,
2016/2017,2016/2017 Q1,0 to 4,23,43,5537.71,children_adolescents,
2016/2017,2016/2017 Q1,10 to 14,29487,96806,3728358.07,children_adolescents,
2016/2017,2016/2017 Q1,15 to 19,20772,67134,3099678.4,children_adolescents,straddles_boundary
2016/2017,2016/2017 Q1,20 to 24,7436,24430,1181165.87,adults,
2016/2017,2016/2017 Q1,25 to 29,4309,13791,643549.0,adults,
2016/2017,2016/2017 Q1,30 to 34,2597,8097,407960.42,adults,
2016/2017,2016/2017 Q1,35 to 39,2286,7283,375853.23,adults,
2016/2017,2016/2017 Q1,40 to 44,2339,7916,378545.99,adults,
2016/2017,2016/2017 Q1,45 to 49,2106,7281,322097.91,adults,
2016/2017,2016/2017 Q1,5 to 9,10452,31893,943650.34,children_adolescents,
2016/2017,2016/2017 Q1,50 to 54,1716,5415,246384.73,adults,
2016/2017,2016/2017 Q1,55 to 59,1237,4052,160905.67,adults,
2016/2017,2016/2017 Q1,60 to 64,982,2911,122790.36,adults,
2016/2017,2016/2017 Q1,65 to 69,788,2456,102997.44,adults,
2016/2017,2016/2017 Q1,70 to 74,564,1684,71399.79,adults,
2016/2017,2016/2017 Q1,75 to 79,363,1093,49746.06,adults,
2016/2017,2016/2017 Q1,80 to 84,268,997,36721.42,adults,
2016/2017,2016/2017 Q1,85 to 89,124,398,17423.14,adults,
2016/2017,2016/2017 Q1,90+,53,165,5787.02,adults,
2016/2017,2016/2017 Q2,0 to 4,28,63,3620.74,children_adolescents,
2016/2017,2016/2017 Q2,10 to 14,29395,94640,3673599.21,children_adolescents,
2016/2017,2016/2017 Q2,15 to 19,18583,59270,2727830.55,children_adolescents,straddles_boundary
2016/2017,2016/2017 Q2,20 to 24,7123,23297,1112699.91,adults,
2016/2017,2016/2017 Q2,25 to 29,4337,13856,633478.26,adults,
2016/2017,2016/2017 Q2,30 to 34,2681,8330,419834.64,adults,
2016/2017,2016/2017 Q2,35 to 39,2360,7611,373142.41,adults,
2016/2017,2016/2017 Q2,40 to 44,2409,8155,364013.81,adults,
2016/2017,2016/2017 Q2,45 to 49,2156,7374,322169.11,adults,
2016/2017,2016/2017 Q2,5 to 9,11738,35220,1060791.59,children_adolescents,
2016/2017,2016/2017 Q2,50 to 54,1747,5545,231396.28,adults,
2016/2017,2016/2017 Q2,55 to 59,1221,4102,148373.51,adults,
2016/2017,2016/2017 Q2,60 to 64,964,3006,112745.31,adults,
2016/2017,2016/2017 Q2,65 to 69,797,2462,95378.52,adults,
2016/2017,2016/2017 Q2,70 to 74,559,1736,65105.35,adults,
2016/2017,2016/2017 Q2,75 to 79,349,1101,44584.38,adults,
2016/2017,2016/2017 Q2,80 to 84,253,947,33340.81,adults,
2016/2017,2016/2017 Q2,85 to 89,121,410,16898.5,adults,
2016/2017,2016/2017 Q2,90+,47,151,4995.68,adults,
2016/2017,2016/2017 Q3,0 to 4,41,106,2566.78,children_adolescents,
2016/2017,2016/2017 Q3,10 to 14,30621,99670,3935766.67,children_adolescents,
2016/2017,2016/2017 Q3,15 to 19,18352,58995,2722894.94,children_adolescents,straddles_boundary
2016/2017,2016/2017 Q3,20 to 24,7198,23556,1120255.31,adults,
2016/2017,2016/2017 Q3,25 to 29,4430,14242,657438.23,adults,
2016/2017,2016/2017 Q3,30 to 34,2765,8618,426986.83,adults,
2016/2017,2016/2017 Q3,35 to 39,2430,7902,385295.87,adults,
2016/2017,2016/2017 Q3,40 to 44,2485,8701,381414.04,adults,
2016/2017,2016/2017 Q3,45 to 49,2201,7568,328673.44,adults,
2016/2017,2016/2017 Q3,5 to 9,13365,41045,1263531.23,children_adolescents,
2016/2017,2016/2017 Q3,50 to 54,1757,5541,241511.69,adults,
2016/2017,2016/2017 Q3,55 to 59,1236,4097,154702.15,adults,
2016/2017,2016/2017 Q3,60 to 64,976,2950,116594.33,adults,
2016/2017,2016/2017 Q3,65 to 69,764,2404,95511.19,adults,
2016/2017,2016/2017 Q3,70 to 74,561,1692,65456.87,adults,
2016/2017,2016/2017 Q3,75 to 79,342,1079,44689.84,adults,
2016/2017,2016/2017 Q3,80 to 84,247,964,35650.45,adults,
2016/2017,2016/2017 Q3,85 to 89,125,406,17016.66,adults,
2016/2017,2016/2017 Q3,90+,44,150,4690.18,adults,
2016/2017,2016/2017 Q4,0 to 4,63,174,3782.98,children_adolescents,
2016/2017,2016/2017 Q4,10 to 14,31460,100741,4023709.67,children_adolescents,
2016/2017,2016/2017 Q4,15 to 19,18063,57014,2646768.51,children_adolescents,straddles_boundary
2016/2017,2016/2017 Q4,20 to 24,7243,23326,1107047.25,adults,
2016/2017,2016/2017 Q4,25 to 29,4532,14455,662235.88,adults,
2016/2017,2016/2017 Q4,30 to 34,2831,8756,433672.4,adults,
2016/2017,2016/2017 Q4,35 to 39,2503,8045,399245.18,adults,
2016/2017,2016/2017 Q4,40 to 44,2555,8581,392437.57,adults,
2016/2017,2016/2017 Q4,45 to 49,2223,7329,334395.49,adults,
2016/2017,2016/2017 Q4,5 to 9,15110,45967,1440293.66,children_adolescents,
2016/2017,2016/2017 Q4,50 to 54,1734,5452,237680.92,adults,
2016/2017,2016/2017 Q4,55 to 59,1243,4139,156201.74,adults,
2016/2017,2016/2017 Q4,60 to 64,963,2921,111199.38,adults,
2016/2017,2016/2017 Q4,65 to 69,762,2292,90553.22,adults,
2016/2017,2016/2017 Q4,70 to 74,555,1595,59985.67,adults,
2016/2017,2016/2017 Q4,75 to 79,325,976,44438.67,adults,
2016/2017,2016/2017 Q4,80 to 84,242,859,33539.55,adults,
2016/2017,2016/2017 Q4,85 to 89,117,355,14498.44,adults,
2016/2017,2016/2017 Q4,90+,38,143,4500.29,adults,
2017/2018,2017/2018 Q1,0 to 4,9,16,828.66,children_adolescents,
2017/2018,2017/2018 Q1,10 to 14,31767,101357,3893970.21,children_adolescents,
2017/2018,2017/2018 Q1,15 to 19,21206,67132,3082779.44,children_adolescents,straddles_boundary
2017/2018,2017/2018 Q1,20 to 24,8069,26135,1236865.67,adults,
2017/2018,2017/2018 Q1,25 to 29,5064,16606,752939.52,adults,
2017/2018,2017/2018 Q1,30 to 34,3155,10037,482313.64,adults,
2017/2018,2017/2018 Q1,35 to 39,2606,8482,411900.95,adults,
2017/2018,2017/2018 Q1,40 to 44,2552,8441,380429.58,adults,
2017/2018,2017/2018 Q1,45 to 49,2438,8137,366217.8,adults,
2017/2018,2017/2018 Q1,5 to 9,10920,32679,998008.65,children_adolescents,
2017/2018,2017/2018 Q1,50 to 54,1865,6011,249260.59,adults,
2017/2018,2017/2018 Q1,55 to 59,1371,4427,163766.92,adults,
2017/2018,2017/2018 Q1,60 to 64,1034,3122,119521.01,adults,
2017/2018,2017/2018 Q1,65 to 69,774,2546,90288.49,adults,
2017/2018,2017/2018 Q1,70 to 74,617,1880,64504.31,adults,
2017/2018,2017/2018 Q1,75 to 79,364,1108,45453.0,adults,
2017/2018,2017/2018 Q1,80 to 84,269,902,33460.97,adults,
2017/2018,2017/2018 Q1,85 to 89,128,487,17303.43,adults,
2017/2018,2017/2018 Q1,90+,58,199,6023.57,adults,
2017/2018,2017/2018 Q2,0 to 4,16,34,1084.88,children_adolescents,
2017/2018,2017/2018 Q2,10 to 14,31360,99080,3887975.88,children_adolescents,
2017/2018,2017/2018 Q2,15 to 19,19173,59885,2786533.65,children_adolescents,straddles_boundary
2017/2018,2017/2018 Q2,20 to 24,7783,25411,1206397.78,adults,
2017/2018,2017/2018 Q2,25 to 29,5072,16716,752156.93,adults,
2017/2018,2017/2018 Q2,30 to 34,3257,10427,494915.9,adults,
2017/2018,2017/2018 Q2,35 to 39,2666,8747,413069.56,adults,
2017/2018,2017/2018 Q2,40 to 44,2663,8538,389601.8,adults,
2017/2018,2017/2018 Q2,45 to 49,2500,8459,380203.07,adults,
2017/2018,2017/2018 Q2,5 to 9,11940,35713,1115012.98,children_adolescents,
2017/2018,2017/2018 Q2,50 to 54,1875,6174,251697.8,adults,
2017/2018,2017/2018 Q2,55 to 59,1375,4508,163624.03,adults,
2017/2018,2017/2018 Q2,60 to 64,1022,3115,116617.1,adults,
2017/2018,2017/2018 Q2,65 to 69,777,2509,87567.19,adults,
2017/2018,2017/2018 Q2,70 to 74,607,1848,65655.28,adults,
2017/2018,2017/2018 Q2,75 to 79,361,1066,39289.5,adults,
2017/2018,2017/2018 Q2,80 to 84,257,882,31086.6,adults,
2017/2018,2017/2018 Q2,85 to 89,126,460,15820.05,adults,
2017/2018,2017/2018 Q2,90+,49,200,5022.58,adults,
2017/2018,2017/2018 Q3,0 to 4,27,51,3173.7,children_adolescents,
2017/2018,2017/2018 Q3,10 to 14,32720,105461,4115022.52,children_adolescents,
2017/2018,2017/2018 Q3,15 to 19,18989,59706,2744968.85,children_adolescents,straddles_boundary
2017/2018,2017/2018 Q3,20 to 24,7862,25870,1213060.91,adults,
2017/2018,2017/2018 Q3,25 to 29,5123,16894,758756.17,adults,
2017/2018,2017/2018 Q3,30 to 34,3361,10760,498480.94,adults,
2017/2018,2017/2018 Q3,35 to 39,2733,9055,436719.73,adults,
2017/2018,2017/2018 Q3,40 to 44,2721,8913,399662.16,adults,
2017/2018,2017/2018 Q3,45 to 49,2563,8797,379460.63,adults,
2017/2018,2017/2018 Q3,5 to 9,13818,41877,1308688.63,children_adolescents,
2017/2018,2017/2018 Q3,50 to 54,1888,6308,253902.6,adults,
2017/2018,2017/2018 Q3,55 to 59,1389,4594,162167.22,adults,
2017/2018,2017/2018 Q3,60 to 64,997,3158,108622.49,adults,
2017/2018,2017/2018 Q3,65 to 69,776,2529,85769.85,adults,
2017/2018,2017/2018 Q3,70 to 74,606,1862,62636.49,adults,
2017/2018,2017/2018 Q3,75 to 79,351,1023,39482.83,adults,
2017/2018,2017/2018 Q3,80 to 84,250,825,30223.29,adults,
2017/2018,2017/2018 Q3,85 to 89,113,438,15346.48,adults,
2017/2018,2017/2018 Q3,90+,52,190,4984.97,adults,
2017/2018,2017/2018 Q4,0 to 4,40,91,1731.77,children_adolescents,
2017/2018,2017/2018 Q4,10 to 14,33681,104830,4116728.38,children_adolescents,
2017/2018,2017/2018 Q4,15 to 19,18498,57105,2605088.86,children_adolescents,straddles_boundary
2017/2018,2017/2018 Q4,20 to 24,7968,25814,1193116.83,adults,
2017/2018,2017/2018 Q4,25 to 29,5291,17255,772032.97,adults,
2017/2018,2017/2018 Q4,30 to 34,3468,11142,512363.75,adults,
2017/2018,2017/2018 Q4,35 to 39,2823,9291,437235.06,adults,
2017/2018,2017/2018 Q4,40 to 44,2786,8902,391756.78,adults,
2017/2018,2017/2018 Q4,45 to 49,2623,8742,377957.24,adults,
2017/2018,2017/2018 Q4,5 to 9,15535,46472,1457166.48,children_adolescents,
2017/2018,2017/2018 Q4,50 to 54,1964,6243,239459.94,adults,
2017/2018,2017/2018 Q4,55 to 59,1391,4453,152623.42,adults,
2017/2018,2017/2018 Q4,60 to 64,984,3046,112580.23,adults,
2017/2018,2017/2018 Q4,65 to 69,758,2324,79417.96,adults,
2017/2018,2017/2018 Q4,70 to 74,595,1779,57468.03,adults,
2017/2018,2017/2018 Q4,75 to 79,338,1034,38459.82,adults,
2017/2018,2017/2018 Q4,80 to 84,239,774,23966.71,adults,
2017/2018,2017/2018 Q4,85 to 89,115,426,15752.67,adults,
2017/2018,2017/2018 Q4,90+,42,148,4513.45,adults,
2018/2019,2018/2019 Q1,0 to 4,15,25,944.26,children_adolescents,
2018/2019,2018/2019 Q1,10 to 14,33925,105988,4016228.49,children_adolescents,
2018/2019,2018/2019 Q1,15 to 19,22450,69744,3128039.52,children_adolescents,straddles_boundary
2018/2019,2018/2019 Q1,20 to 24,8805,28400,1337448.14,adults,
2018/2019,2018/2019 Q1,25 to 29,5959,19695,885557.05,adults,
2018/2019,2018/2019 Q1,30 to 34,3876,12782,582613.24,adults,
2018/2019,2018/2019 Q1,35 to 39,3105,10022,473608.86,adults,
2018/2019,2018/2019 Q1,40 to 44,2868,9402,424092.87,adults,
2018/2019,2018/2019 Q1,45 to 49,2808,9479,412187.4,adults,
2018/2019,2018/2019 Q1,5 to 9,11176,33318,989400.57,children_adolescents,
2018/2019,2018/2019 Q1,50 to 54,2127,7240,290952.86,adults,
2018/2019,2018/2019 Q1,55 to 59,1512,4707,169978.67,adults,
2018/2019,2018/2019 Q1,60 to 64,1061,3465,117587.62,adults,
2018/2019,2018/2019 Q1,65 to 69,819,2535,94486.19,adults,
2018/2019,2018/2019 Q1,70 to 74,647,1957,65058.3,adults,
2018/2019,2018/2019 Q1,75 to 79,387,1124,38674.28,adults,
2018/2019,2018/2019 Q1,80 to 84,259,834,32435.18,adults,
2018/2019,2018/2019 Q1,85 to 89,144,501,16711.22,adults,
2018/2019,2018/2019 Q1,90+,50,176,5228.44,adults,
2018/2019,2018/2019 Q2,0 to 4,15,33,1042.89,children_adolescents,
2018/2019,2018/2019 Q2,10 to 14,33727,102746,3947526.48,children_adolescents,
2018/2019,2018/2019 Q2,15 to 19,20226,61592,2779066.17,children_adolescents,straddles_boundary
2018/2019,2018/2019 Q2,20 to 24,8549,27438,1290292.95,adults,
2018/2019,2018/2019 Q2,25 to 29,6092,20303,910689.58,adults,
2018/2019,2018/2019 Q2,30 to 34,4015,13101,595050.41,adults,
2018/2019,2018/2019 Q2,35 to 39,3183,10448,496005.09,adults,
2018/2019,2018/2019 Q2,40 to 44,2981,9771,441822.44,adults,
2018/2019,2018/2019 Q2,45 to 49,2883,9712,421116.49,adults,
2018/2019,2018/2019 Q2,5 to 9,12507,36256,1103722.84,children_adolescents,
2018/2019,2018/2019 Q2,50 to 54,2160,7462,297472.2,adults,
2018/2019,2018/2019 Q2,55 to 59,1525,4768,171701.87,adults,
2018/2019,2018/2019 Q2,60 to 64,1055,3492,112294.72,adults,
2018/2019,2018/2019 Q2,65 to 69,821,2560,92020.92,adults,
2018/2019,2018/2019 Q2,70 to 74,621,1888,59274.22,adults,
2018/2019,2018/2019 Q2,75 to 79,384,1088,33833.49,adults,
2018/2019,2018/2019 Q2,80 to 84,251,833,29411.34,adults,
2018/2019,2018/2019 Q2,85 to 89,134,470,15535.52,adults,
2018/2019,2018/2019 Q2,90+,46,159,4056.87,adults,
2018/2019,2018/2019 Q3,0 to 4,25,52,1264.36,children_adolescents,
2018/2019,2018/2019 Q3,10 to 14,35217,111279,4294299.76,children_adolescents,
2018/2019,2018/2019 Q3,15 to 19,20210,63254,2840599.23,children_adolescents,straddles_boundary
2018/2019,2018/2019 Q3,20 to 24,8755,28222,1334282.78,adults,
2018/2019,2018/2019 Q3,25 to 29,6264,21128,932981.65,adults,
2018/2019,2018/2019 Q3,30 to 34,4192,13788,632298.19,adults,
2018/2019,2018/2019 Q3,35 to 39,3358,11171,523938.4,adults,
2018/2019,2018/2019 Q3,40 to 44,3074,10265,465877.03,adults,
2018/2019,2018/2019 Q3,45 to 49,2976,10205,440972.09,adults,
2018/2019,2018/2019 Q3,5 to 9,14436,43248,1325725.16,children_adolescents,
2018/2019,2018/2019 Q3,50 to 54,2217,7741,305120.46,adults,
2018/2019,2018/2019 Q3,55 to 59,1521,4869,172672.65,adults,
2018/2019,2018/2019 Q3,60 to 64,1031,3446,108474.02,adults,
2018/2019,2018/2019 Q3,65 to 69,792,2546,92395.11,adults,
2018/2019,2018/2019 Q3,70 to 74,609,1914,60123.98,adults,
2018/2019,2018/2019 Q3,75 to 79,386,1152,34902.47,adults,
2018/2019,2018/2019 Q3,80 to 84,243,824,27908.87,adults,
2018/2019,2018/2019 Q3,85 to 89,124,456,14143.44,adults,
2018/2019,2018/2019 Q3,90+,43,157,3899.61,adults,
2018/2019,2018/2019 Q4,0 to 4,55,118,3500.36,children_adolescents,
2018/2019,2018/2019 Q4,10 to 14,36212,111028,4307183.9,children_adolescents,
2018/2019,2018/2019 Q4,15 to 19,19946,60916,2713963.36,children_adolescents,straddles_boundary
2018/2019,2018/2019 Q4,20 to 24,8917,28237,1322359.34,adults,
2018/2019,2018/2019 Q4,25 to 29,6464,21518,947170.09,adults,
2018/2019,2018/2019 Q4,30 to 34,4325,14035,640676.07,adults,
2018/2019,2018/2019 Q4,35 to 39,3470,11517,534424.01,adults,
2018/2019,2018/2019 Q4,40 to 44,3175,10383,475863.47,adults,
2018/2019,2018/2019 Q4,45 to 49,3075,10199,445807.97,adults,
2018/2019,2018/2019 Q4,5 to 9,16322,47972,1474490.0,children_adolescents,
2018/2019,2018/2019 Q4,50 to 54,2239,7660,295806.97,adults,
2018/2019,2018/2019 Q4,55 to 59,1550,4766,166903.95,adults,
2018/2019,2018/2019 Q4,60 to 64,1018,3227,105731.17,adults,
2018/2019,2018/2019 Q4,65 to 69,807,2421,85220.13,adults,
2018/2019,2018/2019 Q4,70 to 74,619,1846,56555.97,adults,
2018/2019,2018/2019 Q4,75 to 79,376,1088,31336.61,adults,
2018/2019,2018/2019 Q4,80 to 84,228,758,25815.47,adults,
2018/2019,2018/2019 Q4,85 to 89,118,419,12626.22,adults,
2018/2019,2018/2019 Q4,90+,42,117,2839.2,adults,
2019/2020,2019/2020 Q1,0 to 4,5,11,331.99,children_adolescents,
2019/2020,2019/2020 Q1,10 to 14,36714,115591,4308897.43,children_adolescents,
2019/2020,2019/2020 Q1,15 to 19,24792,77314,3383155.83,children_adolescents,straddles_boundary
2019/2020,2019/2020 Q1,20 to 24,9890,32397,1487232.25,adults,
2019/2020,2019/2020 Q1,25 to 29,7174,24416,1089233.34,adults,
2019/2020,2019/2020 Q1,30 to 34,4984,16856,766845.42,adults,
2019/2020,2019/2020 Q1,35 to 39,3790,12870,589871.73,adults,
2019/2020,2019/2020 Q1,40 to 44,3353,11662,528952.34,adults,
2019/2020,2019/2020 Q1,45 to 49,3329,11605,505796.77,adults,
2019/2020,2019/2020 Q1,5 to 9,12018,35653,1056783.07,children_adolescents,
2019/2020,2019/2020 Q1,50 to 54,2503,8931,347477.35,adults,
2019/2020,2019/2020 Q1,55 to 59,1710,5500,207356.47,adults,
2019/2020,2019/2020 Q1,60 to 64,1132,3901,126401.67,adults,
2019/2020,2019/2020 Q1,65 to 69,825,2673,95571.68,adults,
2019/2020,2019/2020 Q1,70 to 74,633,1888,59822.34,adults,
2019/2020,2019/2020 Q1,75 to 79,418,1230,40603.95,adults,
2019/2020,2019/2020 Q1,80 to 84,250,891,29385.66,adults,
2019/2020,2019/2020 Q1,85 to 89,129,497,12905.47,adults,
2019/2020,2019/2020 Q1,90+,56,177,6123.37,adults,
2019/2020,2019/2020 Q2,0 to 4,12,25,717.5,children_adolescents,
2019/2020,2019/2020 Q2,10 to 14,37492,115705,4420359.12,children_adolescents,
2019/2020,2019/2020 Q2,15 to 19,22862,70522,3140156.0,children_adolescents,straddles_boundary
2019/2020,2019/2020 Q2,20 to 24,9789,32608,1511746.22,adults,
2019/2020,2019/2020 Q2,25 to 29,7436,25289,1141800.84,adults,
2019/2020,2019/2020 Q2,30 to 34,5251,18105,814544.86,adults,
2019/2020,2019/2020 Q2,35 to 39,3972,13889,636230.61,adults,
2019/2020,2019/2020 Q2,40 to 44,3511,12248,567439.48,adults,
2019/2020,2019/2020 Q2,45 to 49,3433,12152,547873.24,adults,
2019/2020,2019/2020 Q2,5 to 9,13665,40361,1227478.74,children_adolescents,
2019/2020,2019/2020 Q2,50 to 54,2574,9272,364762.87,adults,
2019/2020,2019/2020 Q2,55 to 59,1743,5629,217155.86,adults,
2019/2020,2019/2020 Q2,60 to 64,1140,3915,124521.22,adults,
2019/2020,2019/2020 Q2,65 to 69,813,2673,92061.69,adults,
2019/2020,2019/2020 Q2,70 to 74,613,1810,58782.21,adults,
2019/2020,2019/2020 Q2,75 to 79,408,1206,37242.58,adults,
2019/2020,2019/2020 Q2,80 to 84,248,897,28847.35,adults,
2019/2020,2019/2020 Q2,85 to 89,121,485,13066.89,adults,
2019/2020,2019/2020 Q2,90+,49,164,5257.98,adults,
2019/2020,2019/2020 Q3,0 to 4,22,39,1713.41,children_adolescents,
2019/2020,2019/2020 Q3,10 to 14,39466,123735,4762173.23,children_adolescents,
2019/2020,2019/2020 Q3,15 to 19,23069,72141,3177913.68,children_adolescents,straddles_boundary
2019/2020,2019/2020 Q3,20 to 24,10133,33555,1546373.48,adults,
2019/2020,2019/2020 Q3,25 to 29,7656,26213,1187417.98,adults,
2019/2020,2019/2020 Q3,30 to 34,5415,18693,833678.82,adults,
2019/2020,2019/2020 Q3,35 to 39,4126,14594,665732.05,adults,
2019/2020,2019/2020 Q3,40 to 44,3688,13032,596753.68,adults,
2019/2020,2019/2020 Q3,45 to 49,3560,12524,568898.57,adults,
2019/2020,2019/2020 Q3,5 to 9,15888,48151,1467088.58,children_adolescents,
2019/2020,2019/2020 Q3,50 to 54,2645,9601,384276.34,adults,
2019/2020,2019/2020 Q3,55 to 59,1798,5891,223671.21,adults,
2019/2020,2019/2020 Q3,60 to 64,1134,3912,123640.91,adults,
2019/2020,2019/2020 Q3,65 to 69,820,2738,90585.68,adults,
2019/2020,2019/2020 Q3,70 to 74,632,1925,58268.94,adults,
2019/2020,2019/2020 Q3,75 to 79,392,1179,39484.5,adults,
2019/2020,2019/2020 Q3,80 to 84,242,882,26809.63,adults,
2019/2020,2019/2020 Q3,85 to 89,126,458,12180.99,adults,
2019/2020,2019/2020 Q3,90+,43,158,4842.76,adults,
2019/2020,2019/2020 Q4,0 to 4,44,115,4624.68,children_adolescents,
2019/2020,2019/2020 Q4,10 to 14,40740,129522,5019351.71,children_adolescents,
2019/2020,2019/2020 Q4,15 to 19,22996,72911,3198858.09,children_adolescents,straddles_boundary
2019/2020,2019/2020 Q4,20 to 24,10549,34884,1597322.13,adults,
2019/2020,2019/2020 Q4,25 to 29,8038,27615,1244669.58,adults,
2019/2020,2019/2020 Q4,30 to 34,5673,19776,899372.45,adults,
2019/2020,2019/2020 Q4,35 to 39,4322,15591,714088.1,adults,
2019/2020,2019/2020 Q4,40 to 44,3864,13667,638565.88,adults,
2019/2020,2019/2020 Q4,45 to 49,3681,12753,567011.23,adults,
2019/2020,2019/2020 Q4,5 to 9,18063,55018,1692941.81,children_adolescents,
2019/2020,2019/2020 Q4,50 to 54,2687,9642,396541.87,adults,
2019/2020,2019/2020 Q4,55 to 59,1811,5949,228903.4,adults,
2019/2020,2019/2020 Q4,60 to 64,1145,3961,123717.32,adults,
2019/2020,2019/2020 Q4,65 to 69,828,2738,96818.07,adults,
2019/2020,2019/2020 Q4,70 to 74,617,1845,58875.92,adults,
2019/2020,2019/2020 Q4,75 to 79,368,1132,36535.81,adults,
2019/2020,2019/2020 Q4,80 to 84,239,863,29037.01,adults,
2019/2020,2019/2020 Q4,85 to 89,111,406,13210.54,adults,
2019/2020,2019/2020 Q4,90+,35,132,3811.82,adults,
2020/2021,2020/2021 Q1,0 to 4,10,14,2673.94,children_adolescents,
2020/2021,2020/2021 Q1,10 to 14,36055,112176,4255318.13,children_adolescents,
2020/2021,2020/2021 Q1,15 to 19,23834,74860,3315873.04,children_adolescents,straddles_boundary
2020/2021,2020/2021 Q1,20 to 24,11197,37558,1716993.63,adults,
2020/2021,2020/2021 Q1,25 to 29,8483,29450,1327541.03,adults,
2020/2021,2020/2021 Q1,30 to 34,6169,21650,986231.83,adults,
2020/2021,2020/2021 Q1,35 to 39,4625,16436,752926.56,adults,
2020/2021,2020/2021 Q1,40 to 44,3984,14166,685338.91,adults,
2020/2021,2020/2021 Q1,45 to 49,3750,13480,607329.64,adults,
2020/2021,2020/2021 Q1,5 to 9,11245,33242,1000558.95,children_adolescents,
2020/2021,2020/2021 Q1,50 to 54,2890,10183,437094.48,adults,
2020/2021,2020/2021 Q1,55 to 59,2005,6706,267736.33,adults,
2020/2021,2020/2021 Q1,60 to 64,1201,4345,140167.54,adults,
2020/2021,2020/2021 Q1,65 to 69,838,2802,92759.46,adults,
2020/2021,2020/2021 Q1,70 to 74,631,1941,68018.3,adults,
2020/2021,2020/2021 Q1,75 to 79,401,1264,40029.68,adults,
2020/2021,2020/2021 Q1,80 to 84,253,886,29635.2,adults,
2020/2021,2020/2021 Q1,85 to 89,119,498,12104.47,adults,
2020/2021,2020/2021 Q1,90+,49,165,5259.73,adults,
2020/2021,2020/2021 Q2,0 to 4,9,20,1169.59,children_adolescents,
2020/2021,2020/2021 Q2,10 to 14,37057,113986,4333047.51,children_adolescents,
2020/2021,2020/2021 Q2,15 to 19,23539,73667,3255961.64,children_adolescents,straddles_boundary
2020/2021,2020/2021 Q2,20 to 24,11281,37978,1731591.28,adults,
2020/2021,2020/2021 Q2,25 to 29,8881,30744,1389355.29,adults,
2020/2021,2020/2021 Q2,30 to 34,6538,22918,1037524.47,adults,
2020/2021,2020/2021 Q2,35 to 39,4856,17533,800148.38,adults,
2020/2021,2020/2021 Q2,40 to 44,4159,14918,696059.55,adults,
2020/2021,2020/2021 Q2,45 to 49,3871,13668,625910.82,adults,
2020/2021,2020/2021 Q2,5 to 9,12485,37317,1125031.45,children_adolescents,
2020/2021,2020/2021 Q2,50 to 54,2967,10527,453887.36,adults,
2020/2021,2020/2021 Q2,55 to 59,2054,6945,279062.19,adults,
2020/2021,2020/2021 Q2,60 to 64,1213,4418,144052.89,adults,
2020/2021,2020/2021 Q2,65 to 69,841,2820,92545.75,adults,
2020/2021,2020/2021 Q2,70 to 74,632,1954,69291.88,adults,
2020/2021,2020/2021 Q2,75 to 79,382,1191,37119.42,adults,
2020/2021,2020/2021 Q2,80 to 84,241,846,28389.5,adults,
2020/2021,2020/2021 Q2,85 to 89,112,477,12465.79,adults,
2020/2021,2020/2021 Q2,90+,42,152,5540.35,adults,
2020/2021,2020/2021 Q3,0 to 4,15,40,1865.04,children_adolescents,
2020/2021,2020/2021 Q3,10 to 14,40420,126858,4800412.71,children_adolescents,
2020/2021,2020/2021 Q3,15 to 19,24652,77772,3421707.55,children_adolescents,straddles_boundary
2020/2021,2020/2021 Q3,20 to 24,11925,40398,1825737.16,adults,
2020/2021,2020/2021 Q3,25 to 29,9283,32845,1465367.89,adults,
2020/2021,2020/2021 Q3,30 to 34,6933,24603,1114132.76,adults,
2020/2021,2020/2021 Q3,35 to 39,5155,18528,860169.53,adults,
2020/2021,2020/2021 Q3,40 to 44,4382,15801,758111.68,adults,
2020/2021,2020/2021 Q3,45 to 49,4049,14350,665896.9,adults,
2020/2021,2020/2021 Q3,5 to 9,14475,44830,1348315.76,children_adolescents,
2020/2021,2020/2021 Q3,50 to 54,3061,11152,477613.77,adults,
2020/2021,2020/2021 Q3,55 to 59,2102,7127,285759.17,adults,
2020/2021,2020/2021 Q3,60 to 64,1233,4551,149503.95,adults,
2020/2021,2020/2021 Q3,65 to 69,847,2905,89119.89,adults,
2020/2021,2020/2021 Q3,70 to 74,636,1903,69747.98,adults,
2020/2021,2020/2021 Q3,75 to 79,391,1268,39082.26,adults,
2020/2021,2020/2021 Q3,80 to 84,243,906,25444.66,adults,
2020/2021,2020/2021 Q3,85 to 89,103,433,11186.25,adults,
2020/2021,2020/2021 Q3,90+,42,137,4354.53,adults,
2020/2021,2020/2021 Q4,0 to 4,25,57,4208.01,children_adolescents,
2020/2021,2020/2021 Q4,10 to 14,39916,120765,4627922.07,children_adolescents,
2020/2021,2020/2021 Q4,15 to 19,23739,73304,3231396.19,children_adolescents,straddles_boundary
2020/2021,2020/2021 Q4,20 to 24,12380,41091,1858730.45,adults,
2020/2021,2020/2021 Q4,25 to 29,9858,33805,1516198.89,adults,
2020/2021,2020/2021 Q4,30 to 34,7229,24954,1145175.22,adults,
2020/2021,2020/2021 Q4,35 to 39,5383,18767,878100.33,adults,
2020/2021,2020/2021 Q4,40 to 44,4560,16008,762687.62,adults,
2020/2021,2020/2021 Q4,45 to 49,4143,14539,671183.03,adults,
2020/2021,2020/2021 Q4,5 to 9,16011,47357,1429044.74,children_adolescents,
2020/2021,2020/2021 Q4,50 to 54,3060,10892,471398.39,adults,
2020/2021,2020/2021 Q4,55 to 59,2097,6921,281072.8,adults,
2020/2021,2020/2021 Q4,60 to 64,1234,4314,144093.15,adults,
2020/2021,2020/2021 Q4,65 to 69,823,2742,89324.38,adults,
2020/2021,2020/2021 Q4,70 to 74,611,1747,60684.83,adults,
2020/2021,2020/2021 Q4,75 to 79,352,1115,34168.78,adults,
2020/2021,2020/2021 Q4,80 to 84,231,794,23636.14,adults,
2020/2021,2020/2021 Q4,85 to 89,97,413,10496.1,adults,
2020/2021,2020/2021 Q4,90+,39,131,4570.2,adults,
2021/2022,2021/2022 Q1,0 to 4,6,14,306.14,children_adolescents,
2021/2022,2021/2022 Q1,10 to 14,41395,126397,4640588.51,children_adolescents,
2021/2022,2021/2022 Q1,15 to 19,28866,87995,3811984.35,children_adolescents,straddles_boundary
2021/2022,2021/2022 Q1,20 to 24,13821,45836,2064879.56,adults,
2021/2022,2021/2022 Q1,25 to 29,10752,36543,1646383.81,adults,
2021/2022,2021/2022 Q1,30 to 34,8330,28994,1322394.51,adults,
2021/2022,2021/2022 Q1,35 to 39,5992,21393,984410.68,adults,
2021/2022,2021/2022 Q1,40 to 44,4928,17617,843331.17,adults,
2021/2022,2021/2022 Q1,45 to 49,4384,15624,718793.0,adults,
2021/2022,2021/2022 Q1,5 to 9,10977,32947,946232.2,children_adolescents,
2021/2022,2021/2022 Q1,50 to 54,3419,12242,547279.74,adults,
2021/2022,2021/2022 Q1,55 to 59,2332,7873,322702.97,adults,
2021/2022,2021/2022 Q1,60 to 64,1373,4761,170522.37,adults,
2021/2022,2021/2022 Q1,65 to 69,907,2968,97082.15,adults,
2021/2022,2021/2022 Q1,70 to 74,648,2019,68261.86,adults,
2021/2022,2021/2022 Q1,75 to 79,413,1264,41093.31,adults,
2021/2022,2021/2022 Q1,80 to 84,225,792,26223.45,adults,
2021/2022,2021/2022 Q1,85 to 89,137,557,15712.37,adults,
2021/2022,2021/2022 Q1,90+,45,168,5994.91,adults,
2021/2022,2021/2022 Q2,0 to 4,10,27,1642.77,children_adolescents,
2021/2022,2021/2022 Q2,10 to 14,41569,124341,4520343.93,children_adolescents,
2021/2022,2021/2022 Q2,15 to 19,26981,81381,3480285.41,children_adolescents,straddles_boundary
2021/2022,2021/2022 Q2,20 to 24,13988,45810,2010372.55,adults,
2021/2022,2021/2022 Q2,25 to 29,11356,37885,1673550.11,adults,
2021/2022,2021/2022 Q2,30 to 34,8810,30695,1355840.72,adults,
2021/2022,2021/2022 Q2,35 to 39,6340,22615,1024476.03,adults,
2021/2022,2021/2022 Q2,40 to 44,5234,18788,884433.25,adults,
2021/2022,2021/2022 Q2,45 to 49,4568,16331,743956.03,adults,
2021/2022,2021/2022 Q2,5 to 9,12667,37132,1058832.79,children_adolescents,
2021/2022,2021/2022 Q2,50 to 54,3538,12521,545497.94,adults,
2021/2022,2021/2022 Q2,55 to 59,2363,8055,323091.2,adults,
2021/2022,2021/2022 Q2,60 to 64,1392,4799,165984.87,adults,
2021/2022,2021/2022 Q2,65 to 69,906,3011,95416.77,adults,
2021/2022,2021/2022 Q2,70 to 74,651,1970,67451.7,adults,
2021/2022,2021/2022 Q2,75 to 79,396,1232,39301.26,adults,
2021/2022,2021/2022 Q2,80 to 84,226,798,24451.47,adults,
2021/2022,2021/2022 Q2,85 to 89,135,560,14608.34,adults,
2021/2022,2021/2022 Q2,90+,40,124,4264.27,adults,
2021/2022,2021/2022 Q3,0 to 4,19,49,3150.1,children_adolescents,
2021/2022,2021/2022 Q3,10 to 14,43777,133254,4781482.53,children_adolescents,
2021/2022,2021/2022 Q3,15 to 19,27824,84758,3533307.05,children_adolescents,straddles_boundary
2021/2022,2021/2022 Q3,20 to 24,14647,47739,2060513.32,adults,
2021/2022,2021/2022 Q3,25 to 29,12020,39841,1724727.56,adults,
2021/2022,2021/2022 Q3,30 to 34,9420,32641,1428785.14,adults,
2021/2022,2021/2022 Q3,35 to 39,6746,24221,1058857.88,adults,
2021/2022,2021/2022 Q3,40 to 44,5563,19832,936473.79,adults,
2021/2022,2021/2022 Q3,45 to 49,4797,17386,766658.95,adults,
2021/2022,2021/2022 Q3,5 to 9,14762,44403,1259435.69,children_adolescents,
2021/2022,2021/2022 Q3,50 to 54,3665,13172,566464.54,adults,
2021/2022,2021/2022 Q3,55 to 59,2397,8303,336551.72,adults,
2021/2022,2021/2022 Q3,60 to 64,1402,4753,168435.69,adults,
2021/2022,2021/2022 Q3,65 to 69,901,3019,94847.41,adults,
2021/2022,2021/2022 Q3,70 to 74,661,2031,66738.99,adults,
2021/2022,2021/2022 Q3,75 to 79,386,1177,37923.71,adults,
2021/2022,2021/2022 Q3,80 to 84,215,778,22945.85,adults,
2021/2022,2021/2022 Q3,85 to 89,126,480,14151.5,adults,
2021/2022,2021/2022 Q3,90+,37,133,4095.88,adults,
2021/2022,2021/2022 Q4,0 to 4,39,86,2384.35,children_adolescents,
2021/2022,2021/2022 Q4,10 to 14,45973,137039,4946563.69,children_adolescents,
2021/2022,2021/2022 Q4,15 to 19,28233,84842,3502528.31,children_adolescents,straddles_boundary
2021/2022,2021/2022 Q4,20 to 24,15547,49607,2138468.05,adults,
2021/2022,2021/2022 Q4,25 to 29,12893,42582,1829056.7,adults,
2021/2022,2021/2022 Q4,30 to 34,10029,34333,1504714.16,adults,
2021/2022,2021/2022 Q4,35 to 39,7288,25539,1119843.65,adults,
2021/2022,2021/2022 Q4,40 to 44,5889,20507,956736.98,adults,
2021/2022,2021/2022 Q4,45 to 49,5043,17864,789133.84,adults,
2021/2022,2021/2022 Q4,5 to 9,16954,50125,1423675.16,children_adolescents,
2021/2022,2021/2022 Q4,50 to 54,3770,13212,557627.98,adults,
2021/2022,2021/2022 Q4,55 to 59,2491,8267,319982.55,adults,
2021/2022,2021/2022 Q4,60 to 64,1414,4777,165530.69,adults,
2021/2022,2021/2022 Q4,65 to 69,884,2923,90925.63,adults,
2021/2022,2021/2022 Q4,70 to 74,645,1967,64634.96,adults,
2021/2022,2021/2022 Q4,75 to 79,371,1149,33247.78,adults,
2021/2022,2021/2022 Q4,80 to 84,215,741,19591.78,adults,
2021/2022,2021/2022 Q4,85 to 89,115,442,14069.72,adults,
2021/2022,2021/2022 Q4,90+,36,111,2835.53,adults,
2022/2023,2022/2023 Q1,0 to 4,8,12,278.98,children_adolescents,
2022/2023,2022/2023 Q1,10 to 14,45566,136003,4740782.7,children_adolescents,
2022/2023,2022/2023 Q1,15 to 19,34090,102177,4163515.93,children_adolescents,straddles_boundary
2022/2023,2022/2023 Q1,20 to 24,16994,54034,2339837.61,adults,
2022/2023,2022/2023 Q1,25 to 29,14542,47867,2080313.66,adults,
2022/2023,2022/2023 Q1,30 to 34,11797,40567,1794287.52,adults,
2022/2023,2022/2023 Q1,35 to 39,8336,29695,1304596.96,adults,
2022/2023,2022/2023 Q1,40 to 44,6783,24309,1131678.03,adults,
2022/2023,2022/2023 Q1,45 to 49,5449,19581,878019.88,adults,
2022/2023,2022/2023 Q1,5 to 9,11591,33713,916056.49,children_adolescents,
2022/2023,2022/2023 Q1,50 to 54,4386,15962,695787.27,adults,
2022/2023,2022/2023 Q1,55 to 59,2781,9827,384111.56,adults,
2022/2023,2022/2023 Q1,60 to 64,1605,5537,200905.49,adults,
2022/2023,2022/2023 Q1,65 to 69,936,3073,97649.34,adults,
2022/2023,2022/2023 Q1,70 to 74,675,2142,73258.4,adults,
2022/2023,2022/2023 Q1,75 to 79,454,1363,38871.35,adults,
2022/2023,2022/2023 Q1,80 to 84,255,829,23297.5,adults,
2022/2023,2022/2023 Q1,85 to 89,124,439,14121.59,adults,
2022/2023,2022/2023 Q1,90+,48,225,4407.78,adults,
2022/2023,2022/2023 Q2,0 to 4,11,18,317.21,children_adolescents,
2022/2023,2022/2023 Q2,10 to 14,46042,135068,4781968.36,children_adolescents,
2022/2023,2022/2023 Q2,15 to 19,31677,92435,3827500.37,children_adolescents,straddles_boundary
2022/2023,2022/2023 Q2,20 to 24,17267,54365,2367372.51,adults,
2022/2023,2022/2023 Q2,25 to 29,15485,50777,2230249.26,adults,
2022/2023,2022/2023 Q2,30 to 34,12663,43606,1948706.45,adults,
2022/2023,2022/2023 Q2,35 to 39,8917,31682,1413419.24,adults,
2022/2023,2022/2023 Q2,40 to 44,7320,25906,1231469.35,adults,
2022/2023,2022/2023 Q2,45 to 49,5716,20452,930858.53,adults,
2022/2023,2022/2023 Q2,5 to 9,13313,38399,1064124.4,children_adolescents,
2022/2023,2022/2023 Q2,50 to 54,4569,16336,720382.01,adults,
2022/2023,2022/2023 Q2,55 to 59,2853,9963,398913.11,adults,
2022/2023,2022/2023 Q2,60 to 64,1650,5574,204032.59,adults,
2022/2023,2022/2023 Q2,65 to 69,947,3102,98109.6,adults,
2022/2023,2022/2023 Q2,70 to 74,670,2176,76736.67,adults,
2022/2023,2022/2023 Q2,75 to 79,445,1346,38912.6,adults,
2022/2023,2022/2023 Q2,80 to 84,247,880,24115.2,adults,
2022/2023,2022/2023 Q2,85 to 89,115,435,14898.03,adults,
2022/2023,2022/2023 Q2,90+,47,193,4649.49,adults,
2022/2023,2022/2023 Q3,0 to 4,19,39,831.05,children_adolescents,
2022/2023,2022/2023 Q3,10 to 14,48829,145043,5239301.0,children_adolescents,
2022/2023,2022/2023 Q3,15 to 19,32573,95533,3974906.11,children_adolescents,straddles_boundary
2022/2023,2022/2023 Q3,20 to 24,18173,57015,2521126.57,adults,
2022/2023,2022/2023 Q3,25 to 29,16435,53496,2387676.89,adults,
2022/2023,2022/2023 Q3,30 to 34,13422,45630,2091621.73,adults,
2022/2023,2022/2023 Q3,35 to 39,9538,33456,1537847.8,adults,
2022/2023,2022/2023 Q3,40 to 44,7714,27493,1309629.96,adults,
2022/2023,2022/2023 Q3,45 to 49,6008,21350,989618.66,adults,
2022/2023,2022/2023 Q3,5 to 9,15616,46020,1307226.98,children_adolescents,
2022/2023,2022/2023 Q3,50 to 54,4736,16821,744972.2,adults,
2022/2023,2022/2023 Q3,55 to 59,2983,10621,421248.15,adults,
2022/2023,2022/2023 Q3,60 to 64,1679,5582,206470.23,adults,
2022/2023,2022/2023 Q3,65 to 69,944,3145,100752.2,adults,
2022/2023,2022/2023 Q3,70 to 74,655,2089,78114.45,adults,
2022/2023,2022/2023 Q3,75 to 79,426,1338,37418.24,adults,
2022/2023,2022/2023 Q3,80 to 84,241,818,21739.43,adults,
2022/2023,2022/2023 Q3,85 to 89,107,392,12359.29,adults,
2022/2023,2022/2023 Q3,90+,37,134,3340.95,adults,
2022/2023,2022/2023 Q4,0 to 4,42,89,1600.97,children_adolescents,
2022/2023,2022/2023 Q4,10 to 14,50857,151155,5505992.1,children_adolescents,
2022/2023,2022/2023 Q4,15 to 19,33360,98931,4123372.09,children_adolescents,straddles_boundary
2022/2023,2022/2023 Q4,20 to 24,19293,60647,2723286.76,adults,
2022/2023,2022/2023 Q4,25 to 29,17652,57669,2627743.96,adults,
2022/2023,2022/2023 Q4,30 to 34,14455,48936,2286911.27,adults,
2022/2023,2022/2023 Q4,35 to 39,10317,35993,1681985.25,adults,
2022/2023,2022/2023 Q4,40 to 44,8297,29178,1427164.8,adults,
2022/2023,2022/2023 Q4,45 to 49,6396,22773,1067867.5,adults,
2022/2023,2022/2023 Q4,5 to 9,18105,53634,1543419.76,children_adolescents,
2022/2023,2022/2023 Q4,50 to 54,4983,17659,828076.45,adults,
2022/2023,2022/2023 Q4,55 to 59,3067,10675,447195.54,adults,
2022/2023,2022/2023 Q4,60 to 64,1683,5587,221149.55,adults,
2022/2023,2022/2023 Q4,65 to 69,946,3133,107864.89,adults,
2022/2023,2022/2023 Q4,70 to 74,635,2027,75187.62,adults,
2022/2023,2022/2023 Q4,75 to 79,405,1311,43622.06,adults,
2022/2023,2022/2023 Q4,80 to 84,227,808,25860.9,adults,
2022/2023,2022/2023 Q4,85 to 89,102,390,15481.9,adults,
2022/2023,2022/2023 Q4,90+,33,108,4313.21,adults,
2023/2024,2023/2024 Q1,0 to 4,7,10,149.42,children_adolescents,
2023/2024,2023/2024 Q1,10 to 14,50010,147115,5146074.06,children_adolescents,
2023/2024,2023/2024 Q1,15 to 19,39705,114537,4744562.83,children_adolescents,straddles_boundary
2023/2024,2023/2024 Q1,20 to 24,20768,64094,2894502.92,adults,
2023/2024,2023/2024 Q1,25 to 29,19389,62376,2868871.82,adults,
2023/2024,2023/2024 Q1,30 to 34,16708,55154,2629206.55,adults,
2023/2024,2023/2024 Q1,35 to 39,12069,41734,1979325.35,adults,
2023/2024,2023/2024 Q1,40 to 44,9417,33065,1642720.86,adults,
2023/2024,2023/2024 Q1,45 to 49,7219,25286,1228044.22,adults,
2023/2024,2023/2024 Q1,5 to 9,12458,36146,1018320.25,children_adolescents,
2023/2024,2023/2024 Q1,50 to 54,5636,19619,931380.66,adults,
2023/2024,2023/2024 Q1,55 to 59,3578,12338,540983.21,adults,
2023/2024,2023/2024 Q1,60 to 64,1966,6579,272309.66,adults,
2023/2024,2023/2024 Q1,65 to 69,1025,3474,119960.58,adults,
2023/2024,2023/2024 Q1,70 to 74,677,2167,83264.25,adults,
2023/2024,2023/2024 Q1,75 to 79,462,1337,48148.18,adults,
2023/2024,2023/2024 Q1,80 to 84,242,844,26452.48,adults,
2023/2024,2023/2024 Q1,85 to 89,140,525,22036.18,adults,
2023/2024,2023/2024 Q1,90+,40,140,5103.3,adults,
2023/2024,2023/2024 Q2,0 to 4,8,14,269.53,children_adolescents,
2023/2024,2023/2024 Q2,10 to 14,50498,145135,5279844.33,children_adolescents,
2023/2024,2023/2024 Q2,15 to 19,36923,104299,4482371.61,children_adolescents,straddles_boundary
2023/2024,2023/2024 Q2,20 to 24,21132,64764,3045178.92,adults,
2023/2024,2023/2024 Q2,25 to 29,20733,66218,3162947.08,adults,
2023/2024,2023/2024 Q2,30 to 34,17925,59199,2887249.54,adults,
2023/2024,2023/2024 Q2,35 to 39,13041,44920,2215458.56,adults,
2023/2024,2023/2024 Q2,40 to 44,10094,35460,1794209.78,adults,
2023/2024,2023/2024 Q2,45 to 49,7730,26891,1348784.4,adults,
2023/2024,2023/2024 Q2,5 to 9,14365,41001,1197379.59,children_adolescents,
2023/2024,2023/2024 Q2,50 to 54,5953,20909,1036134.87,adults,
2023/2024,2023/2024 Q2,55 to 59,3708,12671,581919.18,adults,
2023/2024,2023/2024 Q2,60 to 64,2004,6706,281113.0,adults,
2023/2024,2023/2024 Q2,65 to 69,1044,3595,128278.86,adults,
2023/2024,2023/2024 Q2,70 to 74,685,2258,92493.94,adults,
2023/2024,2023/2024 Q2,75 to 79,463,1402,51470.01,adults,
2023/2024,2023/2024 Q2,80 to 84,236,834,24657.95,adults,
2023/2024,2023/2024 Q2,85 to 89,133,498,20258.9,adults,
2023/2024,2023/2024 Q2,90+,40,137,4740.33,adults,
2023/2024,2023/2024 Q3,0 to 4,18,32,1217.89,children_adolescents,
2023/2024,2023/2024 Q3,10 to 14,52093,153336,5578658.61,children_adolescents,
2023/2024,2023/2024 Q3,15 to 19,36598,105333,4545590.16,children_adolescents,straddles_boundary
2023/2024,2023/2024 Q3,20 to 24,20715,62835,3033155.06,adults,
2023/2024,2023/2024 Q3,25 to 29,20314,63365,3058085.58,adults,
2023/2024,2023/2024 Q3,30 to 34,17916,57799,2804830.54,adults,
2023/2024,2023/2024 Q3,35 to 39,13080,43944,2144627.91,adults,
2023/2024,2023/2024 Q3,40 to 44,10252,35277,1749563.13,adults,
2023/2024,2023/2024 Q3,45 to 49,7762,26659,1299431.82,adults,
2023/2024,2023/2024 Q3,5 to 9,16190,48558,1388331.5,children_adolescents,
2023/2024,2023/2024 Q3,50 to 54,5966,20661,963997.18,adults,
2023/2024,2023/2024 Q3,55 to 59,3708,12877,547136.4,adults,
2023/2024,2023/2024 Q3,60 to 64,1978,6645,261250.41,adults,
2023/2024,2023/2024 Q3,65 to 69,1027,3548,109886.65,adults,
2023/2024,2023/2024 Q3,70 to 74,674,2240,71035.22,adults,
2023/2024,2023/2024 Q3,75 to 79,441,1320,37174.71,adults,
2023/2024,2023/2024 Q3,80 to 84,224,884,20851.19,adults,
2023/2024,2023/2024 Q3,85 to 89,134,491,16248.91,adults,
2023/2024,2023/2024 Q3,90+,41,160,3877.57,adults,
2023/2024,2023/2024 Q4,0 to 4,28,65,1118.87,children_adolescents,
2023/2024,2023/2024 Q4,10 to 14,54239,157084,5816272.63,children_adolescents,
2023/2024,2023/2024 Q4,15 to 19,37281,106290,4666325.94,children_adolescents,straddles_boundary
2023/2024,2023/2024 Q4,20 to 24,21959,66483,3260161.61,adults,
2023/2024,2023/2024 Q4,25 to 29,21867,67889,3365515.11,adults,
2023/2024,2023/2024 Q4,30 to 34,19253,62280,3131347.75,adults,
2023/2024,2023/2024 Q4,35 to 39,14234,47216,2396095.92,adults,
2023/2024,2023/2024 Q4,40 to 44,10992,37759,1940667.93,adults,
2023/2024,2023/2024 Q4,45 to 49,8297,28290,1428739.65,adults,
2023/2024,2023/2024 Q4,5 to 9,18460,54428,1574942.63,children_adolescents,
2023/2024,2023/2024 Q4,50 to 54,6283,21561,1041185.22,adults,
2023/2024,2023/2024 Q4,55 to 59,3879,13225,591704.22,adults,
2023/2024,2023/2024 Q4,60 to 64,2037,6704,268854.73,adults,
2023/2024,2023/2024 Q4,65 to 69,1025,3493,111437.01,adults,
2023/2024,2023/2024 Q4,70 to 74,680,2233,68168.27,adults,
2023/2024,2023/2024 Q4,75 to 79,444,1321,39064.86,adults,
2023/2024,2023/2024 Q4,80 to 84,221,791,18917.66,adults,
2023/2024,2023/2024 Q4,85 to 89,129,446,13459.31,adults,
2023/2024,2023/2024 Q4,90+,36,136,3070.95,adults,
2024/2025,2024/2025 Q1,0 to 4,10,16,992.63,children_adolescents,
2024/2025,2024/2025 Q1,10 to 14,53106,154993,5592970.63,children_adolescents,
2024/2025,2024/2025 Q1,15 to 19,43984,123277,5320310.61,children_adolescents,straddles_boundary
2024/2025,2024/2025 Q1,20 to 24,22897,69175,3379803.3,adults,
2024/2025,2024/2025 Q1,25 to 29,23342,72200,3650347.8,adults,
2024/2025,2024/2025 Q1,30 to 34,21459,69157,3535314.42,adults,
2024/2025,2024/2025 Q1,35 to 39,16092,54053,2816563.09,adults,
2024/2025,2024/2025 Q1,40 to 44,12149,41613,2160862.17,adults,
2024/2025,2024/2025 Q1,45 to 49,9320,31972,1650785.43,adults,
2024/2025,2024/2025 Q1,5 to 9,12690,37925,1075482.26,children_adolescents,
2024/2025,2024/2025 Q1,50 to 54,7057,24274,1208308.29,adults,
2024/2025,2024/2025 Q1,55 to 59,4419,15170,706396.41,adults,
2024/2025,2024/2025 Q1,60 to 64,2403,7906,350476.43,adults,
2024/2025,2024/2025 Q1,65 to 69,1175,3968,133660.13,adults,
2024/2025,2024/2025 Q1,70 to 74,716,2517,78313.37,adults,
2024/2025,2024/2025 Q1,75 to 79,501,1508,46867.14,adults,
2024/2025,2024/2025 Q1,80 to 84,245,822,22421.71,adults,
2024/2025,2024/2025 Q1,85 to 89,142,550,17068.87,adults,
2024/2025,2024/2025 Q1,90+,45,141,4106.64,adults,
2024/2025,2024/2025 Q2,0 to 4,13,29,591.89,children_adolescents,
2024/2025,2024/2025 Q2,10 to 14,53155,153416,5821472.17,children_adolescents,
2024/2025,2024/2025 Q2,15 to 19,39944,110316,5072450.94,children_adolescents,straddles_boundary
2024/2025,2024/2025 Q2,20 to 24,22669,68305,3512304.53,adults,
2024/2025,2024/2025 Q2,25 to 29,23954,75083,3970953.16,adults,
2024/2025,2024/2025 Q2,30 to 34,22219,72466,3884609.5,adults,
2024/2025,2024/2025 Q2,35 to 39,16974,57317,3102305.68,adults,
2024/2025,2024/2025 Q2,40 to 44,12787,44391,2379673.23,adults,
2024/2025,2024/2025 Q2,45 to 49,9745,33772,1798702.84,adults,
2024/2025,2024/2025 Q2,5 to 9,14656,43186,1271815.67,children_adolescents,
2024/2025,2024/2025 Q2,50 to 54,7301,25243,1291516.4,adults,
2024/2025,2024/2025 Q2,55 to 59,4562,15892,749664.83,adults,
2024/2025,2024/2025 Q2,60 to 64,2410,8044,355071.58,adults,
2024/2025,2024/2025 Q2,65 to 69,1168,4015,138627.21,adults,
2024/2025,2024/2025 Q2,70 to 74,711,2516,73195.93,adults,
2024/2025,2024/2025 Q2,75 to 79,489,1501,43828.15,adults,
2024/2025,2024/2025 Q2,80 to 84,243,851,22099.89,adults,
2024/2025,2024/2025 Q2,85 to 89,135,529,15571.15,adults,
2024/2025,2024/2025 Q2,90+,34,138,2963.3,adults,
2024/2025,2024/2025 Q3,0 to 4,18,53,1577.45,children_adolescents,
2024/2025,2024/2025 Q3,10 to 14,56035,165620,6360488.01,children_adolescents,
2024/2025,2024/2025 Q3,15 to 19,41530,117350,5370996.72,children_adolescents,straddles_boundary
2024/2025,2024/2025 Q3,20 to 24,23954,73309,3778750.02,adults,
2024/2025,2024/2025 Q3,25 to 29,25167,79921,4259207.36,adults,
2024/2025,2024/2025 Q3,30 to 34,23747,77792,4177122.64,adults,
2024/2025,2024/2025 Q3,35 to 39,18103,62001,3358608.55,adults,
2024/2025,2024/2025 Q3,40 to 44,13702,48416,2574954.74,adults,
2024/2025,2024/2025 Q3,45 to 49,10285,36005,1904329.81,adults,
2024/2025,2024/2025 Q3,5 to 9,16989,51460,1543132.95,children_adolescents,
2024/2025,2024/2025 Q3,50 to 54,7730,26891,1370280.94,adults,
2024/2025,2024/2025 Q3,55 to 59,4804,16815,802492.57,adults,
2024/2025,2024/2025 Q3,60 to 64,2495,8412,370805.31,adults,
2024/2025,2024/2025 Q3,65 to 69,1193,4204,139880.79,adults,
2024/2025,2024/2025 Q3,70 to 74,706,2499,73773.97,adults,
2024/2025,2024/2025 Q3,75 to 79,488,1541,43679.25,adults,
2024/2025,2024/2025 Q3,80 to 84,232,790,20700.09,adults,
2024/2025,2024/2025 Q3,85 to 89,135,518,14269.57,adults,
2024/2025,2024/2025 Q3,90+,31,119,2788.33,adults,
2024/2025,2024/2025 Q4,0 to 4,32,92,1844.82,children_adolescents,
2024/2025,2024/2025 Q4,10 to 14,59447,172481,6588483.14,children_adolescents,
2024/2025,2024/2025 Q4,15 to 19,43504,121680,5505705.47,children_adolescents,straddles_boundary
2024/2025,2024/2025 Q4,20 to 24,25645,77829,3950855.08,adults,
2024/2025,2024/2025 Q4,25 to 29,27181,85498,4474400.34,adults,
2024/2025,2024/2025 Q4,30 to 34,25630,83575,4409644.58,adults,
2024/2025,2024/2025 Q4,35 to 39,19701,66410,3541480.11,adults,
2024/2025,2024/2025 Q4,40 to 44,14754,51790,2723069.62,adults,
2024/2025,2024/2025 Q4,45 to 49,11058,38003,2011433.19,adults,
2024/2025,2024/2025 Q4,5 to 9,19465,58085,1758995.06,children_adolescents,
2024/2025,2024/2025 Q4,50 to 54,8156,28009,1435665.71,adults,
2024/2025,2024/2025 Q4,55 to 59,5003,17386,813346.61,adults,
2024/2025,2024/2025 Q4,60 to 64,2566,8326,368775.53,adults,
2024/2025,2024/2025 Q4,65 to 69,1175,4052,138225.57,adults,
2024/2025,2024/2025 Q4,70 to 74,701,2421,70975.12,adults,
2024/2025,2024/2025 Q4,75 to 79,488,1496,44103.65,adults,
2024/2025,2024/2025 Q4,80 to 84,218,741,18298.85,adults,
2024/2025,2024/2025 Q4,85 to 89,127,520,12914.56,adults,
2024/2025,2024/2025 Q4,90+,30,96,2828.97,adults,
